#,Field,Minimum,Maximum,Mean,Count
1,resolve_ (Conflict: future),1,12,7,4
6,pick_ (Conflict: binomen),1,17,10,4
8,join_ (Conflict: dplyr),1,13,9,4
18,conjoin_,1,19,14,4
2,flatten_ (Conflict: purrr),2,19,7,4
11,combine_ (Conflict: gdata),2,11,6,4
20,band_ (Conflict: matrix),2,20,14,4
7,merge_ (Conflict: base R),3,21,11,4
10,reduce_ (Conflict: purrr),3,10,7,4
3,compress_ (Conflict: wavethresh),4,21,11,4
16,meld_,4,18,11,4
19,fuse_ (Conflict: analogue),4,20,12,4
4,extract_ (Conflict: raster),5,12,9,4
9,pool_ (Conflict: mice),5,15,10,4
12,mix_ (Conflict: mix),5,16,12,4
5,take_ (Conflict: plyr),6,16,10,4
15,blend_ (Conflict: blendstat),7,17,14,4
13,unite_ (Conflict: tidyr),8,15,13,4
17,unify_,9,18,15,4
21,plug_,10,21,18,4
14,aggregate_ (Conflict: stats),13,20,16,4
